1,442,2242,Jaguar,XJ,,,,,,,,,
2,442,2285,Jaguar,XF,,,,,,,,,
3,442,2286,Jaguar,XK,,,,,,,,,
4,442,2313,Jaguar,X-Type,,,,,,,,,
5,442,2314,Jaguar,S-Type,,,,,,,,,
6,442,2375,Jaguar,F-Type,,,,,,,,,
7,442,6435,Jaguar,X100,,,,,,,,,
8,442,6436,Jaguar,Sovereign,,,,,,,,,
9,442,6437,Jaguar,VDP,,,,,,,,,
10,442,9339,Jaguar,XK8,,,,,,,,,
11,442,9340,Jaguar,XJR,,,,,,,,,
12,442,11440,Jaguar,XE,,,,,,,,,
13,442,11441,Jaguar,F-Pace,,,,,,,,,
14,442,13576,Jaguar,XJ,,,,,,,,,
15,442,13578,Jaguar,XJ8/XJ8L,,,,,,,,,
16,442,14145,Jaguar,XJ6,,,,,,,,,
17,442,14615,Jaguar,XJS,,,,,,,,,
18,452,1707,BMW,128i,,,,,,,,,
19,452,1708,BMW,135i,,,,,,,,,
20,452,1709,BMW,328i,,,,,,,,,
21,452,1710,BMW,M3,,,,,,,,,
22,452,1711,BMW,335i,,,,,,,,,
23,452,1712,BMW,335is,,,,,,,,,
24,452,1713,BMW,335d,,,,,,,,,
25,452,1714,BMW,X6,,,,,,,,,
26,452,1715,BMW,528i,,,,,,,,,
27,452,1716,BMW,535i,,,,,,,,,
28,452,1717,BMW,X5,,,,,,,,,
29,452,1718,BMW,550i,,,,,,,,,
30,452,1719,BMW,X3,,,,,,,,,
31,452,1720,BMW,740i,,,,,,,,,
32,452,1721,BMW,740Li,,,,,,,,,
33,452,1722,BMW,750i,,,,,,,,,
34,452,1723,BMW,750Li,,,,,,,,,
35,452,1724,BMW,760Li,,-,,,,,,,
36,452,1725,BMW,Z4,,,,,,,,,
37,452,1727,BMW,750xi,,,,,,,,,
38,452,1728,BMW,750Lxi,,,,,,,,,
39,452,1729,BMW,M6,,,,,,,,,
40,452,1730,BMW,528xi,,,,,,,,,
41,452,1731,BMW,640i,,,,,,,,,
42,452,1732,BMW,650i,,,,,,,,,
43,452,1733,BMW,650xi,,,,,,,,,
44,452,1736,BMW,G450X,,,,,,,,,
45,452,1737,BMW,F800S,,,,,,,,,
46,452,1738,BMW,F800ST,,,,,,,,,
47,452,1739,BMW,F800GS,,,,,,,,,
48,452,1740,BMW,F800R,,,,,,,,,
49,452,1741,BMW,HP2,,,,,,,,,
50,452,1742,BMW,S1000RR,,,,,,,,,
51,452,1743,BMW,R1200GS,,,,,,,,,
52,452,1744,BMW,R1200R,,,,,,,,,
53,452,1745,BMW,R1200RT,,,,,,,,,
54,452,1746,BMW,K1300S,,,,,,,,,
55,452,1747,BMW,K1300GT,,,,,,,,,
56,452,1748,BMW,K1300R,,,,,,,,,
57,452,1749,BMW,F650GS,,,,,,,,,
58,452,1750,BMW,G650GS,,,,,,,,,
59,452,1751,BMW,R900RT,,,,,,,,,
60,452,1752,BMW,K1600GT,,,,,,,,,
61,452,1753,BMW,K1600GTL,,,,,,,,,
62,452,1754,BMW,F700GS,,,,,,,,,
63,452,1755,BMW,F800GT,,,,,,,,,
64,452,1756,BMW,C600,,,,,,,,,
65,452,1757,BMW,C650GT,,,,,,,,,
66,452,1758,BMW,HP4,,,,,,,,,
67,452,1759,BMW,S1000R,,,,,,,,,
68,452,1760,BMW,RnineT,,,,,,,,,
69,452,1970,BMW,1M,,,,,,,,,
70,452,1971,BMW,Active,,,,,,,,,
71,452,2024,BMW,M5,,,,,,,,,
72,452,2170,BMW,228i,,,,,,,,,
73,452,2171,BMW,M235i,,,,,,,,,
74,452,2172,BMW,320i,,,,,,,,,
75,452,2173,BMW,328d,,,,,,,,,
76,452,2178,BMW,i3,,,,,,,,,
77,452,2179,BMW,i8,,,,,,,,,
78,452,2219,BMW,ActiveHybrid,,,,,,,,,
79,452,2220,BMW,428i,,,,,,,,,
80,452,2221,BMW,438i,,,,,,,,,
81,452,2230,BMW,435i,,,,,,,,,
82,452,2231,BMW,535d,,,,,,,,,
83,452,2240,BMW,ActiveHybrid,,,,,,,,,
84,452,2300,BMW,X1,,,,,,,,,
85,452,2350,BMW,R1150GS,,,,,,,,,
86,452,2351,BMW,R1200S,,,,,,,,,
87,452,2352,BMW,R1200ST,,,,,,,,,
88,452,2353,BMW,K1200R,,,,,,,,,
89,452,2354,BMW,K1200S,,,,,,,,,
90,452,2355,BMW,K1200LT,,,,,,,,,
91,452,2359,BMW,K1200GT,,,,,,,,,
92,452,2360,BMW,R1150R,,,,,,,,,
93,452,2361,BMW,R850R,,ACE,750,,,,,,
94,452,2362,BMW,G650,,,,,,,,,
95,452,2363,BMW,G650,,,,,,,,,
96,452,2364,BMW,G650,,,,,,,,,
97,452,2376,BMW,535xi,,,,,,,,,
98,452,2377,BMW,328xi,,ACE,,,,,,,
99,452,2378,BMW,335xi,,,,,,,,,
100,452,2584,BMW,525i,,50,,,,,,,
101,452,2585,BMW,530i,,,,,,,,,
102,452,2586,BMW,530xi,,,,,,,,,
103,452,2587,BMW,525xi,,,,,,,,,
104,452,2759,BMW,325Cic,,Coast,,,,,,,
105,452,2760,BMW,330Cic,,750F,,,,,,,
106,452,2761,BMW,M3Cic,,1100,Spirit,,,,,,
107,452,2762,BMW,325Ci,,1100,ACE,,,,,,
108,452,2763,BMW,330Ci,,,,,,,,,
109,452,2764,BMW,325i,,,,,,,,,
110,452,2765,BMW,325xi,,,,,,,,,
111,452,2766,BMW,325xiT,,1100,,,,,,,
112,452,2767,BMW,530xiT,,,,,,,,,
113,452,2777,BMW,330i,,,,,,,,,
114,452,2778,BMW,330xi,,,,,,,,,
115,452,2804,BMW,760i,,45,,,,,,,
116,452,2887,BMW,HP2,,GT,,,,,,,
117,452,2888,BMW,HP2,,,,,,,,,
118,452,3050,BMW,325iT,,,,,,,,,
119,452,3051,BMW,545i,,250,,,,,,,
120,452,3052,BMW,645Ci,,Trophy,,,,,,,
121,452,3053,BMW,645Cic,,,,,,,,,
122,452,3054,BMW,745i,,,,,,,,,
123,452,3055,BMW,745Li,,,,,,,,,
124,452,3159,BMW,M,,,,,,,,,
125,452,5094,BMW,K1100RS,,,,,,,,,
126,452,5095,BMW,K75,,,,,,,,,
127,452,5096,BMW,K75S,,,,,,,,,
128,452,5097,BMW,K75RT,,,,,,,,,
129,452,5098,BMW,K1100LT,,,,,,,,,
130,452,5099,BMW,R100,,,,,,,,,
131,452,5100,BMW,R100R,,,,,,,,,
132,452,5101,BMW,R100RT,,,,,,,,,
133,452,5102,BMW,R100GS,,,,,,,,,
134,452,5104,BMW,R1100R,,,,,,,,,
135,452,5105,BMW,R1100RS,,,,,,,,,
136,452,5106,BMW,R1100GS,,,,,,,,,
137,452,5108,BMW,F650,,,,,,,,,
138,452,5109,BMW,F650S,,,,,,,,,
139,452,5110,BMW,R1100RT,,,,,,,,,
140,452,5111,BMW,K1200RS,,,,,,,,,
141,452,5112,BMW,R1200C,,Sol,,,,,,,
142,452,5132,BMW,F650CS,,,,,,,,,
143,452,5136,BMW,R1100S,,,,,,,,,
144,452,5137,BMW,R1150RS,,,,,,,,,
145,452,5138,BMW,R1150RT,,,,,,,,,
146,452,5139,BMW,R1200CL,,,,,,,,,
147,452,5178,BMW,318i,,,,,,,,,
148,452,5185,BMW,318iS,,,,,,,,,
149,452,5186,BMW,318iC,,,,,,,,,
150,452,5187,BMW,325iS,,,,,,,,,
151,452,5190,BMW,325iC,,,,,,,,,
152,452,5193,BMW,525iT,,,,,,,,,
153,452,5194,BMW,530iT,,,,,,,,,
154,452,5195,BMW,540i,,,,,,,,,
155,452,5198,BMW,840Ci,,,,,,,,,
156,452,5199,BMW,850Ci,,,,,,,,,
157,452,5200,BMW,850CSi,,,,,,,,,
158,452,5217,BMW,318ti,,,,,,,,,
159,452,5237,BMW,328iC,,,,,,,,,
160,452,5238,BMW,328iS,,,,,,,,,
161,452,5239,BMW,Z3,,,,,,,,,
162,452,5253,BMW,323i,,,,,,,,,
163,452,5254,BMW,323is,,,,,,,,,
164,452,5255,BMW,323iC,,,,,,,,,
165,452,5324,BMW,Z8,,,,,,,,,
166,452,5343,BMW,525iA,,,,,,,,,
167,452,5347,BMW,530iA,,,,,,,,,
168,452,5348,BMW,540iA,,,,,,,,,
169,452,5349,BMW,525iAT,,Red,,,,,,,
170,452,5350,BMW,540iAT,,Plus,,,,,,,
171,452,5355,BMW,Alpina,,,,,,,,,
172,452,5384,BMW,645i,,,,,,,,,
173,452,5992,BMW,X4,,,,,,,,,
174,452,9253,BMW,335,,,,,,,,,
175,452,9452,BMW,740iL,,,,,,,,,
176,452,9453,BMW,750iL,,,,,,,,,
177,452,9459,BMW,M3Ci,,,,,,,,,
178,452,9547,BMW,ActiveHybrid,,,,,,,,,
179,452,9567,BMW,M2,,,,,,,,,
180,452,9568,BMW,340i,,,,,,,,,
181,452,9569,BMW,330e,,,,,,,,,
182,452,9570,BMW,M4,,,,,,,,,
183,452,10045,BMW,S1000XR,,,,,,,,,
184,452,10046,BMW,R1200RS,,,,,,,,,
185,452,10047,BMW,C650,,,,,,,,,
186,452,10587,BMW,328Ci,,,,,,,,,
187,456,1761,MINI,Cooper,,,,,,,,,
188,456,1762,MINI,Cooper,,,,,,,,,
189,456,1763,MINI,JCW,,,,,,,,,
190,456,1764,MINI,Cooper,,DCT,,,,,,,
191,456,1765,MINI,Cooper,,DCT,,,,,,,
192,456,1766,MINI,JCW,,,,,,,,,
193,456,1767,MINI,Cooper,,,,,,,,,
194,456,1768,MINI,Cooper,,,,,,,,,
195,456,1769,MINI,JCW,,DCT,,,,,,,
196,456,1862,MINI,Cooper,,DCT,,,,,,,
197,456,1880,MINI,Cooper,,,,,,,,,
198,456,1881,MINI,Cooper,,AERO,,,,,,,
199,456,1882,MINI,Cooper,,AERO,,,,,,,
200,456,1883,MINI,Cooper,,AERO,,,,,,,
201,456,1886,MINI,Cooper,,AER0,,,,,,,
202,456,1887,MINI,Cooper,,AERO,,,,,,,
203,456,1888,MINI,Cooper,,PHANTOM,,,,,,,
204,456,1889,MINI,JCW,,PHANTOM,,,,,,,
205,456,1925,MINI,Cooper,,,,,,,,,
206,456,1926,MINI,Cooper,,,,,,,,,
207,456,1927,MINI,Cooper,,ABS,,,,,,,
208,456,1928,MINI,Cooper,,,,,,,,,
209,456,1929,MINI,Cooper,,,,,,,,,
210,456,1930,MINI,Cooper,,,,,,,,,
211,456,1931,MINI,Cooper,,,,,,,,,
212,456,1932,MINI,JCW,,ABS,,,,,,,
213,456,1933,MINI,JCW,,,,,,,,,
214,456,1964,MINI,JCW,,ABS,,,,,,,
215,456,2327,MINI,Cooper,,,,,,,,,
216,460,1778,Ford,Crown,,,,,,,,,
217,460,1779,Ford,Focus,,,,,,,,,
218,460,1780,Ford,Fusion,,,,,,,,,
219,460,1781,Ford,Mustang,,TRAX,RANCHER,AT,4*4,,,,
220,460,1782,Ford,Taurus,,,,,,,,,
221,460,1796,Ford,E-150,,TRAX,RANCHER,,,,,,
222,460,1797,Ford,Edge,,TRAX,RANCHER,,,,,,
223,460,1798,Ford,Escape,,TRAX,RANCHER,,,,,,
224,460,1799,Ford,Expedition,,,,,,,,,
225,460,1800,Ford,Explorer,,,,,,,,,
226,460,1801,Ford,F-150,,TRAX,RANCHER,,,,,,
227,460,1802,Ford,Flex,,,,,,,,,
228,460,1803,Ford,Ranger,,TRAX,RANCHER,,,,,,
229,460,1804,Ford,Explorer,,TRAX,RANCHER,,,,,,
230,460,1805,Ford,F-250,,,,,,,,,
231,460,1806,Ford,F-350,,,,,,,,,
232,460,1807,Ford,F-450,,TRAX,RANCHER,,,,,,
233,460,1808,Ford,F-550,,TRAX,RANCHER,,,,,,
234,460,1809,Ford,F-650,,TRAX,RANCHER,,,,,,
235,460,1810,Ford,F-750,,TRAX,FOREMAN,,,,,,
236,460,1811,Ford,Transit,,TRAX,FOREMAN,,,,,,
237,460,1817,Ford,E-250,,,,,,,,,
238,460,1818,Ford,E-350,,TRAX,FOREMAN,,,,,,
239,460,1819,Ford,E-450,,DELUXE,,,,,,,
240,460,1820,Ford,Expedition,,TRAX,FOREMAN,,,,,,
241,460,2345,Ford,Thunderbird,,TRAX,FOREMAN,,,,,,
242,460,2346,Ford,GT,,FOREMAN,,,,,,,
243,460,2347,Ford,Five,,TRAX,FOREMAN,,,,,,
244,460,2370,Ford,Excursion,,FOREMAN,,,,,,,
245,460,2379,Ford,Freestyle,,TRAX,FOREMAN,,,,,,
246,460,2384,Ford,Freestar,,FOREMAN,,,,,,,
247,460,2737,Ford,Motorhome,,,,,,,,,
248,460,3160,Ford,Taurus,,,,,,,,,
249,460,3267,Ford,Fiesta,,,,,,,,,
250,460,3410,Ford,Commercial,,,,,,,,,
251,460,3462,Ford,C-max,,TRAX,FOREMAN,RUBICON,,,,,
252,460,3608,Ford,Transit,,,,,,,,,
253,460,9201,Ford,Super,,,,,,,,,
254,460,9213,Ford,L8501,,RINCON,,,,,,,
255,460,9214,Ford,LT8501,,FOREMAN,,,,,,,
256,460,9215,Ford,L9501,,,,,,,,,
257,460,9216,Ford,LT9501,,,,,,,,,
258,460,9217,Ford,L8511,,,,,,,,,
259,460,9218,Ford,LT8511,,,,,,,,,
260,460,9219,Ford,L9511,,,,,,,,,
261,460,9220,Ford,LT9511,,,,,,,,,
262,460,9221,Ford,L8513,,ABS,,,,,,,
263,460,9222,Ford,LT8513,,,,,,,,,
264,460,9223,Ford,L9513,,,,,,,,,
265,460,9224,Ford,LT9513,,,,,,,,,
266,460,9225,Ford,L9522,,,,,,,,,
267,460,9226,Ford,LT9522,,,,,,,,,
268,460,9227,Ford,A8513,,,,,,,,,
269,460,9228,Ford,AT8513,,,,,,,,,
270,460,9229,Ford,A9513,,,,,,,,,
271,460,9230,Ford,AT9513,,,,,,,,,
272,460,9231,Ford,A9522,,,,,,,,,
273,460,9232,Ford,AT9522,,,,,,,,,
274,460,9268,Ford,B800,,,,,,,,,
275,460,9270,Ford,F-Super,,,,,,,,,
276,460,9272,Ford,F-700,,,,,,,,,
277,460,9282,Ford,P700,,,,,,,,,
278,460,9283,Ford,P800,,,,,,,,,
279,460,9284,Ford,FT900,,,,,,,,,
280,460,9285,Ford,L8000,,,,,,,,,
281,460,9286,Ford,L9000,,RECON,,,,,,,
282,460,9287,Ford,LL9000,,FOREMAN,400,,,,,,
283,460,9288,Ford,LLA9000,,,,,,,,,
284,460,9289,Ford,LLS9000,,,,,,,,,
285,460,9290,Ford,LS8000,,,,,,,,,
286,460,9291,Ford,LS9000,,,,,,,,,
287,460,9292,Ford,LT8000,,,,,,,,,
288,460,9293,Ford,LT9000,,,,,,,,,
289,460,9294,Ford,LTS8000,,,,,,,,,
290,460,9295,Ford,LTS9000,,,,,,,,,
291,460,9296,Ford,LTL9000,,,,,,,,,
292,460,9297,Ford,LTLA9000,,,,,,,,,
293,460,9298,Ford,LTLS9000,,,,,,,,,
294,460,9299,Ford,LA8000,,,,,,,,,
295,460,9300,Ford,LA9000,,,,,,,,,
296,460,9301,Ford,LTA9000,,,,,,,,,
297,460,9302,Ford,LN7000,,,,,,,,,
298,460,9303,Ford,LN8000,,,,,,,,,
299,460,9304,Ford,LN9000,,,,,,,,,
300,460,9305,Ford,LNT8000,,,,,,,,,
301,460,9306,Ford,LNT9000,,,,,,,,,
302,460,9307,Ford,CF8000,,,,,,,,,
303,460,9308,Ford,CFT8000,,,,,,,,,
304,460,9312,Ford,CF7000,,,,,,,,,
305,460,10378,Ford,Festiva,,,,,,,,,
306,460,11942,Ford,Low,,,,,,,,,
307,460,13958,Ford,Tempo,,,,,,,,,
308,460,13977,Ford,B600,,,,,,,,,
309,460,13978,Ford,B700,,,,,,,,,
310,460,13979,Ford,F-600,,,,,,,,,
311,460,13980,Ford,Recreational,,,,,,,,,
312,460,13981,Ford,F-590,,,,,,,,,
313,460,13983,Ford,P600,,,,,,,,,
314,460,14148,Ford,CL9000,,,,,,,,,
315,460,14149,Ford,CLT9000,,,,,,,,,
316,460,14150,Ford,Bronco,,,,,,,,,
317,460,14152,Ford,FT800,,,,,,,,,
318,460,14153,Ford,CT8000,,,,,,,,,
319,460,14154,Ford,C800,,,,,,,,,
320,460,14155,Ford,C8000,,,,,,,,,
321,460,14196,Ford,Laser,,,,,,,,,
322,460,14199,Ford,LTD,,,,,,,,,
323,460,14614,Ford,Fairmont,,,,,,,,,
324,460,14618,Ford,Granada,,,,,,,,,
325,467,1828,Chevrolet,Aveo,,,,,,,,,
326,467,1829,Chevrolet,Camaro,,,,,,,,,
327,467,1830,Chevrolet,Caprice,,,,,,,,,
328,467,1831,Chevrolet,Corvette,,,,,,,,,
329,467,1832,Chevrolet,Cruze,,,,,,,,,
330,467,1833,Chevrolet,Impala,,allroad,,,,,,,
331,467,1834,Chevrolet,Malibu,,Sportback,e-tron,,,,,,
332,467,1835,Chevrolet,Sonic,,,,,,,,,
333,467,1836,Chevrolet,Spark,,,,,,,,,
334,467,1837,Chevrolet,SS,,,,,,,,,
335,467,1838,Chevrolet,Volt,,,,,,,,,
336,467,1846,Chevrolet,Captiva,,,,,,,,,
337,467,1847,Chevrolet,Equinox,,,,,,,,,
338,467,1848,Chevrolet,Express,,3,,,,,,,
339,467,1849,Chevrolet,Orlando,,,,,,,,,
340,467,1850,Chevrolet,Silverado,,,,,,,,,
341,467,1851,Chevrolet,Suburban,,,,,,,,,
342,467,1852,Chevrolet,Tahoe,,,,,,,,,
343,467,1853,Chevrolet,Traverse,,,,,,,,,
344,467,1854,Chevrolet,Tracker,,,,,,,,,
345,467,1921,Chevrolet,City,,,,,,,,,
346,467,3531,Chevrolet,Prizm,,,,,,,,,
347,467,3876,Chevrolet,Avalanche,,,,,,,,,
348,467,4047,Chevrolet,Matiz,,,,,,,,,
349,467,4086,Chevrolet,Colorado,,,,,,,,,
350,467,4234,Chevrolet,Cobalt,,,,,,,,,
351,467,4251,Chevrolet,Optra,,,,,,,,,
352,467,4255,Chevrolet,Kalos,,,,,,,,,
353,467,4256,Chevrolet,Lacetti,,,,,,,,,
354,467,4548,Chevrolet,Trailblazer,,,,,,,,,
355,467,4586,Chevrolet,HHR,,,,,,,,,
356,467,4588,Chevrolet,Uplander,,,,,,,,,
357,467,4687,Chevrolet,W4,,,,,,,,,
358,467,4688,Chevrolet,W5,,,,,,,,,
359,467,4773,Chevrolet,Monte,,,,,,,,,
360,467,4865,Chevrolet,Chevy,,,,,,,,,
361,467,4889,Chevrolet,SSR,,,,,,,,,
362,467,4992,Chevrolet,Epica,,,,,,,,,
363,467,5017,Chevrolet,Full,,,,,,,,,
364,467,8834,Chevrolet,Cavalier,,,,,,,,,
365,467,8835,Chevrolet,U100,,,,,,,,,
366,467,8836,Chevrolet,Magnus,,,,,,,,,
367,467,8837,Chevrolet,Rezzo,,,,,,,,,
368,467,8881,Chevrolet,3,,,,,,,,,
369,467,8882,Chevrolet,Astro,,,,,,,,,
370,467,8883,Chevrolet,Venture,,,,,,,,,
371,467,9016,Chevrolet,B7,,,,,,,,,
372,467,9064,Chevrolet,Lumina,,,,,,,,,
373,467,9088,Chevrolet,Alero,,,,,,,,,
374,467,9095,Chevrolet,Geo,,,,,,,,,
375,467,9115,Chevrolet,Caprice,,,,,,,,,
376,467,9116,Chevrolet,Corsica,,,,,,,,,
377,467,9117,Chevrolet,Beretta,,,,,,,,,
378,467,9139,Chevrolet,Hearse/Limo,,,,,,,,,
379,467,10043,Chevrolet,Metro,,,,,,,,,
380,467,10327,Chevrolet,3500,,,,,,,,,
381,467,10977,Chevrolet,Special,,,,,,,,,
382,467,10978,Chevrolet,GMT-400,,,,,,,,,
383,467,10979,Chevrolet,Military,,,,,,,,,
384,467,10980,Chevrolet,Compact,,,,,,,,,
385,467,10981,Chevrolet,Vans/Sport,,,,,,,,,
386,467,10983,Chevrolet,Forward,,,,,,,,,
387,467,10984,Chevrolet,Small,,,,,,,,,
388,467,10988,Chevrolet,Trax,,,,,,,,,
389,467,10989,Chevrolet,Venture/Uplander,,,,,,,,,
390,467,11483,Chevrolet,S-10,,,,,,,,,
391,467,11489,Chevrolet,C/K,,,,,,,,,
392,467,11491,Chevrolet,P,,E,,,,,,,
393,467,11497,Chevrolet,Lumina,,,,,,,,,
394,467,11502,Chevrolet,Blazer,,,,,,,,,
395,467,13634,Chevrolet,Impala,,,,,,,,,
396,467,13672,Chevrolet,Bolt,,,,,,,,,
397,467,13737,Chevrolet,3500HD,,,,,,,,,
398,467,13738,Chevrolet,5500HD,,,,,,,,,
399,467,13739,Chevrolet,3500,,,,,,,,,
400,467,13740,Chevrolet,4500HD,,3,,,,,,,
401,467,13741,Chevrolet,4500XD,,,,,,,,,
402,467,13742,Chevrolet,5500XD,,,,,,,,,
403,467,14032,Chevrolet,T-Series,,,,,,,,,
404,467,14033,Chevrolet,C4,,,,,,,,,
405,467,14034,Chevrolet,C5,,5,,,,,,,
406,467,14035,Chevrolet,C6,,,,,,,,,
407,467,14036,Chevrolet,C7,,,,,,,,,
408,467,14037,Chevrolet,C8,,,,,,,,,
409,467,14040,Chevrolet,W7,,,,,,,,,
410,467,14166,Chevrolet,Hearse/Limo,,,,,,,,,
411,467,14206,Chevrolet,W3,,,,,,,,,
412,467,14397,Chevrolet,Geo,,,,,,,,,
413,467,14450,Chevrolet,W6,,,,,,,,,
414,467,14451,Chevrolet,D7,,,,,,,,,
415,467,14452,Chevrolet,P6S,,,,,,,,,
416,467,14457,Chevrolet,S-10,,Xchallenge,,,,,,,
417,467,14458,Chevrolet,P,,Xcountry,,,,,,,
418,467,14460,Chevrolet,Celebrity,,Xmoto,,,,,,,
419,467,14461,Chevrolet,Geo,,,,,,,,,
420,467,14462,Chevrolet,G-Series,,,,,,,,,
421,467,14463,Chevrolet,Van,,,,,,,,,
422,467,14464,Chevrolet,Cutaway,,,,,,,,,
423,467,14465,Chevrolet,Motorhome,,,,,,,,,
424,467,14475,Chevrolet,Chevette,,,,,,,,,
425,467,14501,Chevrolet,Hi-Cube,,,,,,,,,
426,467,14502,Chevrolet,Cutaway,,,,,,,,,
427,467,14506,Chevrolet,S7,,,,,,,,,
428,467,14513,Chevrolet,Sprint,,,,,,,,,
429,467,14515,Chevrolet,Nova,,,,,,,,,
430,467,14544,Chevrolet,S6,,,,,,,,,
431,467,14545,Chevrolet,R,,,,,,,,,
432,467,14546,Chevrolet,V,,,,,,,,,
433,467,14547,Chevrolet,Citation,,,,,,,,,
434,467,14616,Chevrolet,Bus,,,,,,,,,
435,467,14617,Chevrolet,Heavy,,,,,,,,,
436,467,14619,Chevrolet,Aluminum,,,,,,,,,
437,467,14637,Chevrolet,El,,,,,,,,,
438,467,14782,Chevrolet,Medium,,Megamoto,,,,,,,
439,467,15634,Chevrolet,LUV,,Sport,,,,,,,
440,467,17528,Chevrolet,Malibu,,,,,,,,,
441,472,1855,GMC,Acadia,,,,,,,,,
442,472,1856,GMC,Savana,,,,,,,,,
443,472,1857,GMC,Sierra,,,,,,,,,
444,472,1858,GMC,Terrain,,,,,,,,,
445,472,1859,GMC,Yukon,,,,,,,,,
446,472,4093,GMC,Canyon,,,,,,,,,
447,472,4507,GMC,Envoy,,,,,,,,,
448,472,4579,GMC,Yukon,,,,,,,,,
449,472,5008,GMC,Full,,,,,,,,,
450,472,5968,GMC,W4,,,,,,,,,
451,472,5969,GMC,W6/FSR,,,,,,,,,
452,472,5970,GMC,W7/FTR/FVR/EVR,,,,,,,,,
453,472,8879,GMC,Safari,,,,,,,,,
454,472,9015,GMC,F6/F7,,,,,,,,,
455,472,9044,GMC,Electric,,,,,,,,,
456,472,10985,GMC,GMT-400,,,,,,,,,
457,472,10994,GMC,3,,,,,,,,,
458,472,10995,GMC,Suburban/Yukon,,,,,,,,,
459,472,11073,GMC,Sonoma,,,,,,,,,
460,472,11488,GMC,Suburban,,,,,,,,,
461,472,11490,GMC,C/K,,,,,,,,,
462,472,11503,GMC,Jimmy,,,,,,,,,
463,472,13864,GMC,C-Series,,,,,,,,,
464,472,13865,GMC,T-Series,,,,,,,,,
465,472,14018,GMC,C4,,,,,,,,,
466,472,14019,GMC,C5,,,,,,,,,
467,472,14021,GMC,C6,,,,,,,,,
468,472,14022,GMC,C7,,,,,,,,,
469,472,14023,GMC,C8,,,,,,,,,
470,472,14029,GMC,W5,,,,,,,,,
471,472,14030,GMC,W7,,,,,,,,,
472,472,14205,GMC,W3,,,,,,,,,
473,472,14297,GMC,B7,,,,,,,,,
474,472,14440,GMC,W6,,,,,,,,,
475,472,14444,GMC,P6S,,,,,,,,,
476,472,14447,GMC,D7,,,,,,,,,
477,472,14469,GMC,P,,,,,,,,,
478,472,14470,GMC,Motorhome,,,,,,,,,
479,472,14472,GMC,Cutaway,,,,,,,,,
480,472,14476,GMC,S15,,,,,,,,,
481,472,14479,GMC,Vandura,,,,,,,,,
482,472,14480,GMC,Cutaway,,,,,,,,,
483,472,14481,GMC,Rally,,,,,,,,,
484,472,14497,GMC,Magna,,,,,,,,,
485,472,14498,GMC,Typhoon,,,,,,,,,
486,472,14499,GMC,Value,,,,,,,,,
487,472,14500,GMC,Hi-Cube,,,,,,,,,
488,472,14507,GMC,S7,,,,,,,,,
489,472,14533,GMC,Geo,,,,,,,,,
490,472,14535,GMC,S6,,,,,,,,,
491,472,14536,GMC,Jimmy,,,,,,,,,
492,472,14537,GMC,Syclone,,,,,,,,,
493,472,14538,GMC,R,,,,,,,,,
494,472,14539,GMC,V,,,,,,,,,
495,472,14554,GMC,S15,,,,,,,,,
496,472,14555,GMC,Forward,,,,,,,,,
497,472,14571,GMC,Aluminum,,,,,,,,,
498,472,14596,GMC,Heavy,,,,,,,,,
499,472,14602,GMC,Bus,,,,,,,,,
500,472,14626,GMC,Caballero,,7,,,,,,,
501,472,14629,GMC,Transit,,,,,,,,,
502,472,14630,GMC,Articulated,,,,,,,,,
503,472,16264,GMC,GM515,,,,,,,,,
504,473,1860,Mazda,Tribute,,,,,,,,,
505,473,2072,Mazda,MX-5,,,,,,,,,
506,473,2073,Mazda,RX-8,,,,,,,,,
507,473,2074,Mazda,Mazda3,,,,,,,,,
508,473,2075,Mazda,Mazda5,,,,,,,,,
509,473,2076,Mazda,CX-7,,,,,,,,,
510,473,2077,Mazda,CX-9,,,,,,,,,
511,473,2078,Mazda,Mazda6,,Police,Vehicle,,,,,,
512,473,2153,Mazda,Mazda2,,,,,,,,,
513,473,2322,Mazda,MPV,,,,,,,,,
514,473,2369,Mazda,CX-5,,,,,,,,,
515,473,2741,Mazda,B-Series,,,,,,,,,
516,473,5410,Mazda,Protege,,,,,,,,,
517,473,5470,Mazda,Millenia,,,,,,,,,
518,473,5471,Mazda,626,,,,,,,,,
519,473,5494,Mazda,323,,,,,,,,,
520,473,5495,Mazda,MX-3,,Sport,,,,,,,
521,473,5496,Mazda,929,,,,,,,,,
522,473,5497,Mazda,RX-7,,,,,,,,,
523,473,7791,Mazda,MX-6,,,,,,,,,
524,473,10202,Mazda,CX-3,,,,,,,,,
525,473,13839,Mazda,GLC,,,,,,,,,
526,473,13901,Mazda,Navajo,,,,,,,,,
527,474,1861,Honda,Accord,,,,,,,,,
528,474,1863,Honda,Civic,,,,,,,,,
529,474,1864,Honda,Pilot,,Express,,,,,,,
530,474,1865,Honda,CR-V,,,,,,,,,
531,474,1866,Honda,Ridgeline,,,,,,,,,
532,474,1868,Honda,Element,,,,,,,,,
533,474,1869,Honda,Odyssey,,,,,,,,,
534,474,1870,Honda,Insight,,,,,,,,,
535,474,1875,Honda,FCX Clarity,,,,,,,,,
536,474,1934,Honda,GL,,,,,,,,,
537,474,1935,Honda,VT,,,,,,,,,
538,474,2127,Honda,Fit,,,,,,,,,
539,474,2128,Honda,CR-Z,,,,,,,,,
540,474,3153,Honda,S2000,,,,,,,,,
541,474,3233,Honda,NM4,,,,,,,,,
542,474,3234,Honda,PCX150,,,,,,,,,
543,474,3235,Honda,CB1100,,Carlo,,,,,,,
544,474,3236,Honda,CB300F,,,,,,,,,
545,474,3237,Honda,CB500F,,,,,,,,,
546,474,3238,Honda,CB500X,,,,,,,,,
547,474,3239,Honda,CBR1000RR,,Size,Truck,,,,,,
548,474,3240,Honda,CBR300R,,,,,,,,,
549,474,3241,Honda,CBR500R,,,,,,,,,
550,474,3242,Honda,CBR600RR,,,,,,,,,
551,474,3243,Honda,CBR650F,,,,,,,,,
552,474,3244,Honda,REBEL,,ton,,,,,,,
553,474,3245,Honda,CRF250L,,Van,,,,,,,
554,474,3246,Honda,CTX1300,,,,,,,,,
555,474,3247,Honda,CTX700,,,,,,,,,
556,474,3248,Honda,CTX700N,,,,,,,,,
557,474,3249,Honda,GOLDWING,,,,,,,,,
558,474,3250,Honda,GROM,,Metro,,,,,,,
559,474,3251,Honda,NC700X,,,,,,,,,
560,474,3252,Honda,METROPOLITAN,,,,,,,,,
561,474,3253,Honda,"NPS50 RUCKUS
",,,,,,,,,
562,474,3254,Honda,FORZA,,,,,,,,,
563,474,3255,Honda,ST1300PA,,,,,,,,,
564,474,3256,Honda,INTERCEPTOR,,/,3500HD,/,4500,,,,
565,474,3257,Honda,STATELINE,,Body,from,Chevrolet,Passenger,Car,,,
566,474,3258,Honda,INTERSTATE,,,,,,,,,
567,474,3259,Honda,FURY,,Truck,,,,,,,
568,474,3260,Honda,"SHADOW AERO
",,Cab,,,,,,,
569,474,3261,Honda,"SHADOW PHANTOM
",,Vans/Astros,,,,,,,
570,474,3262,Honda,XR650L,,Control,,,,,,,
571,474,3263,Honda,"SHADOW SPIRIT 750
",,Conventional,Cab,,,,,,
572,474,3264,Honda,ST1300,,,,,,,,,
573,474,3265,Honda,"GOLDWING F6B
",,,,,,,,,
574,474,3266,Honda,"GOLDWING VALKYRIE
",,Pickup,,,,,,,
575,474,3409,Honda,CB1100R,,Pickup,,,,,,,
576,474,3411,Honda,Silverwing,,-,Series,,,,,,
577,474,3412,Honda,CB1000R,,APV,,,,,,,
578,474,3420,Honda,CBR250R,,,,,,,,,
579,474,3422,Honda,VFR1200F,,Limited,,,,,,,
580,474,3423,Honda,SABRE,,EV,,,,,,,
581,474,3428,Honda,"SHADOW RS
",,,,,,,,,
582,474,3438,Honda,NT700V,,,,,,,,,
583,474,3439,Honda,PCX125,,/,4500,,,,,,
584,474,3444,Honda,"ELITE 110
",,,,,,,,,
585,474,3445,Honda,SH150I,,,,,,,,,
586,474,3446,Honda,VT1300CX,,,,,,,,,
587,474,3447,Honda,"CRF 230L
",,,,,,,,,
588,474,3448,Honda,"CRF 230M
",,,,,,,,,
589,474,3449,Honda,DN-01,,,,,,,,,
590,474,3459,Honda,VTX,,,,,,,,,
591,474,3463,Honda,VTX1800F,,,,,,,,,
592,474,3464,Honda,VTX1800N,,,,,,,,,
593,474,3465,Honda,VTX1800T,,,,,,,,,
594,474,3466,Honda,CB250/NIGHTHAWK,,Commercial,Chassis,,,,,,
595,474,3473,Honda,919,,,,,,,,,
596,474,3474,Honda,Elite80,,Storm,,,,,,,
597,474,3475,Honda,Helix,,,,,,,,,
598,474,3476,Honda,Reflex,,,,,,,,,
599,474,3477,Honda,VTX1300C,,,,,,,,,
600,474,3478,Honda,VTX1300R,,,,,,,,,
601,474,3479,Honda,VTX1300S,,Truck,Forward,,,,,,
602,474,3480,Honda,VTX1800C,,,,,,,,,
603,474,3481,Honda,VTX1800R,,Spectrum,,,,,,,
604,474,3482,Honda,"Shadow Sabre
",,,,,,,,,
605,474,3483,Honda,"Shadow Spirit
",,,,,,,,,
606,474,3484,Honda,"Shadow VLX
",,Chassis,,,,,,,
607,474,3487,Honda,599,,Chassis,,,,,,,
608,474,3488,Honda,"BIG RUKUS
",,,,,,,,,
609,474,3489,Honda,VTX1800S,,,,,,,,,
610,474,3491,Honda,CBR600Fi,,Van,,,,,,,
611,474,3492,Honda,RC51,,,,,,,,,
612,474,3506,Honda,"VALKYRIE RUNE
",,,,,,,,,
613,474,3507,Honda,ST1300P,,,,,,,,,
614,474,3509,Honda,SUPERHAWK,,,,,,,,,
615,474,3515,Honda,CB600F,,Conventional,,,,,,,
616,474,3520,Honda,"NIGHTHAWK 750
",,Conventional,,,,,,,
617,474,3521,Honda,CBR1100XX,,,,,,,,,
618,474,3522,Honda,CBR954RR,,Chassis,,,,,,,
619,474,3523,Honda,SHADOW,,Conventional,,,,,,,
620,474,3526,Honda,VALKYRIE,,Tilt,,,,,,,
621,474,3527,Honda,ST1100P,,Camino,,,,,,,
622,474,3528,Honda,MAGNA,,Steel,Tilt,,,,,,
623,474,3530,Honda,ST1100,,,,,,,,,
624,474,3565,Honda,SHADOW,,Classic,,,,,,,
625,474,3566,Honda,CBR929RR,,,,,,,,,
626,474,3567,Honda,ELITE,,,,,,,,,
627,474,3597,Honda,CBR900RR,,,,,,,,,
628,474,3616,Honda,CBR600F3,,,,,,,,,
629,474,3617,Honda,CBR600SE,,,,,,,,,
630,474,3618,Honda,Pacific,,,,,,,,,
631,474,3654,Honda,VFR,,,,,,,,,
632,474,3657,Honda,Shadow,,,,,,,,,
633,474,3658,Honda,Shadow,,,,,,,,,
634,474,3664,Honda,CBR1000F,,Caravan,,,,,,,
635,474,3666,Honda,XR250L,,Chassis,Cab,,,,,,
636,474,3668,Honda,CB1000F,,,,,,,,,
637,474,3669,Honda,Shadow,,,,,,,,,
638,474,3670,Honda,Shadow,,,,,,,,,
639,474,3672,Honda,CT70,,with,Powertrain,,,,,,
640,474,3673,Honda,CBR600F2,,,,,,,,,
641,474,3674,Honda,RC,,,,,,,,,
642,474,3684,Honda,Hawk,,,,,,,,,
643,474,3694,Honda,CBT125TT,,,,,,,,,
644,474,3695,Honda,CB-1,,,,,,,,,
645,474,3696,Honda,Elite,,,,,,,,,
646,474,3697,Honda,Tourist,,,,,,,,,
647,474,3698,Honda,NS50F,,Van,,,,,,,
648,474,3699,Honda,NX250,,Wagon,,,,,,,
649,474,3700,Honda,NX125,,,,,,,,,
650,474,3701,Honda,SA50,,,,,,,,,
651,474,3702,Honda,SB50P,,,,,,,,,
652,474,3703,Honda,RC30,,,,,,,,,
653,474,3704,Honda,VTR,,,,,,,,,
654,474,3705,Honda,XL600V,,,,,,,,,
655,474,3720,Honda,CB125TT,,,,,,,,,
656,474,3735,Honda,VT1100C,,,,,,,,,
657,474,3776,Honda,ELITE,,,,,,,,,
658,474,3777,Honda,TRANSALP,,,,,,,,,
659,474,3778,Honda,NX650,,,,,,,,,
660,474,3779,Honda,CBR600F,,,,,,,,,
661,474,5107,Honda,Prelude,,,,,,,,,
662,474,5402,Honda,NC700JD,,,,,,,,,
663,474,5411,Honda,ww150,,,,,,,,,
664,474,5959,Honda,Passport,,,,,,,,,
665,474,9173,Honda,Crosstour,,Caravan,,,,,,,
666,474,9212,Honda,HR-V,,50,,,,,,,
667,474,9577,Honda,del,,,,,,,,,
668,474,10001,Honda,CBR300RA,,,,,,,,,
669,474,10007,Honda,CBR650FA,,,,,,,,,
670,474,10250,Honda,RC213V-S,,Ram,,,,,,,
671,474,10251,Honda,NC700XD,,Mini,Ram,Van,,,,,
672,474,10252,Honda,CBR500RA,,,,,,,,,
673,474,10253,Honda,CB500FA,,,,,,,,,
674,474,10254,Honda,CB500XA,,/,RD250,,,,,,
675,474,10613,Honda,CRF450R,,Victoria,,,,,,,
676,474,10614,Honda,CRF250R,,,,,,,,,
677,474,10616,Honda,TRX500FPA,,,,,,,,,
678,474,10617,Honda,CRF150F,,,,,,,,,
679,474,10618,Honda,CRF50F,,,,,,,,,
680,474,10619,Honda,XR400R,,,,,,,,,
681,474,10620,Honda,TRX700XX,,,,,,,,,
682,474,10622,Honda,TRX450ER,,,,,,,,,
683,474,10623,Honda,TRX500FM,,,,,,,,,
684,474,10791,Honda,FourTrax,,,,,,,,,
685,474,10792,Honda,TRX400X,,,,,,,,,
686,474,10956,Honda,Sportrax,,,,,,,,,
687,474,10957,Honda,TRX450R,,,,,,,,,
688,474,10958,Honda,CRF70F,,Sport,Trac,,,,,,
689,474,10959,Honda,CRF100F,,,,,,,,,
690,474,10960,Honda,CR250R,,,,,,,,,
691,474,10961,Honda,XR650R,,,,,,,,,
692,474,11387,Honda,SA50P,,,,,,,,,
693,474,11408,Honda,CR125R,,,,,,,,,
694,474,11409,Honda,XR250R,,,,,,,,,
695,474,11435,Honda,MUV700/Big,,Connect,,,,,,,
696,474,11517,Honda,EV,,,,,,,,,
697,474,11588,Honda,TRX90,,,,,,,,,
698,474,11589,Honda,XR600R,,,,,,,,,
699,474,11590,Honda,TRX200D,,MAX,,,,,,,
700,474,11591,Honda,TRX200DN,,,,,,,,,
701,474,11592,Honda,TRX250,,,,,,,,,
702,474,11593,Honda,TRX300,,Hundred,,,,,,,
703,474,11594,Honda,TRX300EX,,,,,,,,,
704,474,11595,Honda,TRX300EXN,,,,,,,,,
705,474,11596,Honda,TRX300FW,,,,,,,,,
706,474,11597,Honda,TRX300FWN,,Chassis,,,,,,,
707,474,11598,Honda,TRX300N,,X,,,,,,,
708,474,11599,Honda,TRX400FW,,,,,,,,,
709,474,11600,Honda,TRX400FWN,,Chassis,,,,,,,
710,474,11601,Honda,TRX450S,,,,,,,,,
711,474,11602,Honda,TRX450ES,,,,,,,,,
712,474,11603,Honda,TRX400EX,,"Aluminum,4563,Affordable",Aluminum,,,,,,
713,474,11648,Honda,CB500XL-CB500X,,Pipe,&,"Supply,9047,Milford",Pipe,&,Supply,,
714,474,11649,Honda,CB500XA-CB500X,,Duty,,,,,,,
715,474,11650,Honda,NC700XL-NC700X,,,,,,,,,
716,474,11651,Honda,NC700XD-NC700X,,,,,,,,,
717,474,11652,Honda,NC700XDL-NC700X,,,,,,,,,
718,474,11653,Honda,CMX250-REBEL,,,,,,,,,
719,474,11654,Honda,CMX250CL-REBEL,,,,,,,,,
720,474,11655,Honda,CTX700NL-CTX700N,,,,,,,,,
721,474,11656,Honda,CTX700ND-CTX700N,,,,,,,,,
722,474,11657,Honda,CTX700NDL-CTX700N,,,,,,,,,
723,474,11658,Honda,NC700JD-NM4,,,,,,,,,
724,474,11659,Honda,VT750C-SHADOW,,,,,,,,,
725,474,11660,Honda,VT750CL-SHADOW,,,,,,,,,
726,474,11661,Honda,VT750CA-SHADOW,,,,,,,,,
727,474,11662,Honda,VT750CA-SHADOW,,,,,,,,,
728,474,11663,Honda,VT750CAL-SHADOW,,,,,,,,,
729,474,11664,Honda,VT750C2B-SHADOW,,,,,,,,,
730,474,11665,Honda,VT750C2BL-SHADOW,,,,,,,,,
731,474,11666,Honda,VT1300CX-FURY,,,,,,,,,
732,474,11667,Honda,VT1300CXL-FURY,,,,,,,,,
733,474,11668,Honda,VT1300CXA-FURY,,,,,,,,,
734,474,11669,Honda,VT1300CR-STATELINE,,,,,,,,,
735,474,11670,Honda,VT1300CRL-STATELINE,,,,,,,,,
736,474,11671,Honda,VT1300CT-INTERSTATE,,Duty,,,,,,,
737,474,11672,Honda,VT1300CTL-INTERSTATE,,,,,,,,,
738,474,11673,Honda,VT1300CTA-INTERSTATE,,,,,,,,,
739,474,11674,Honda,XR650LL-XR650L,,,,,,,,,
740,474,11675,Honda,CBR300RA/CBR300R,,,,,,,,,
741,474,11676,Honda,WW150-PCX150,,,,,,,,,
742,474,11677,Honda,CTX700-CTX700D,,,,,,,,,
743,474,11678,Honda,CTX600D-CTX700DL,,,,,,,,,
744,474,11683,Honda,TRX90X,,,,,,,,,
745,474,11684,Honda,TRX420FA1/FOUR,,,,,,,,,
746,474,11686,Honda,TRX420FA2,,,,,,,,,
747,474,11687,Honda,TRX420FA1/FOUR,,,,,,,,,
748,474,11688,Honda,TRX420FA2/FOUR,,,,,,,,,
749,474,11689,Honda,TRX420FA5/FOUR,,,,,,,,,
750,474,11690,Honda,TRX420FA5,,,,,,,,,
751,474,11691,Honda,TRX420FA6,,,,,,,,,
752,474,11698,Honda,TRX420FA6/FOUR,,,,,,,,,
753,474,11700,Honda,TRX420FA6C/TRX420FA6,,,,,,,,,
754,474,11703,Honda,TRX420FE1/FOUR,,,,,,,,,
755,474,11704,Honda,TRX420FM1/FOUR,,,,,,,,,
756,474,11709,Honda,TRX420FM1/TRX420FM,,,,,,,,,
757,474,11710,Honda,TRX420FM2,,,,,,,,,
758,474,11718,Honda,TRX420FM2/FOUR,,,,,,,,,
759,474,11726,Honda,TRX420TE1/FOUR,,,,,,,,,
760,474,11727,Honda,TRZ420TM1/ROUR,,,,,,,,,
761,474,11728,Honda,TRX500FA5/FOUR,,,,,,,,,
762,474,11729,Honda,TRX500FA6/FOUR,,,,,,,,,
763,474,11730,Honda,TRX500FA6/TRX500FA6,,,,,,,,,
764,474,11740,Honda,TRX500FA7/FOUR,,,,,,,,,
765,474,11741,Honda,TRX500FA7/TRX500FA7,,,,,,,,,
766,474,11742,Honda,TRX500FE1/FOUR,,Trailer,"Sales,9637,Fords",Trailer,Sales,,,,
767,474,11743,Honda,TRX500FE2/FOUR,,,,,,,,,
768,474,11744,Honda,TRX500FE2/TRX500FPE,,Cab,Forward,,,,,,
769,474,11745,Honda,TRX500FM1/FOUR,,Manufacturing,Company,Wexford,"Ltd.,12401,Thompson",Manufacturing,Company,Wexford,Ltd.
770,474,11746,Honda,TRX500FM1/TRX500FPM,,,,,,,,,
771,474,11747,Honda,TRX500FM2/FOUR,,,,,,,,,
772,474,11748,Honda,TRX500FM2/TRX500FPM,,,,,,,,,
773,474,11749,Honda,TRX500FMS,,,,,,,,,
774,474,11750,Honda,TRX500FM5,,Vehicle,,,,,,,
775,474,11751,Honda,TRX500FM6,,,,,,,,,
776,474,11752,Honda,TRX500FM7,,,,,,,,,
777,474,11753,Honda,TRX500FPA/FOUR,,,,,,,,,
778,474,11754,Honda,TRX500PG/RUBICON,,,,,,,,,
779,474,11755,Honda,TRX680F/RINCON,,II,,,,,,,
780,474,11756,Honda,TRX680FA/FOURTRAX,,,,,,,,,
781,474,11757,Honda,TRX500FM1/TRX500FM,,,,,,,,,
782,474,11759,Honda,NCH50/GIORNO,,,,,,,,,
783,474,11760,Honda,NCH50/METROPOLITAN,,,,,,,,,
784,474,11761,Honda,NPS50/RUCKUS,,,,,,,,,
785,474,11762,Honda,NSS300/FORZA,,,,,,,,,
786,474,11763,Honda,NSS300A/FORZA,,,,,,,,,
787,474,11764,Honda,WW150/PCX150,,,,,,,,,
788,474,11765,Honda,CB300FA,,,,,,,,,
789,474,11766,Honda,CB500F-CB500FL,,,,,,,,,
790,474,12505,Honda,"VTX1800C3/VTX	",,,,,,,,,
791,474,12506,Honda,VTX1800F1/VTX,,,,,,,,,
792,474,12507,Honda,VTX1800F2/VTX,,,,,,,,,
793,474,12508,Honda,VTX1800N3/VTX,,,,,,,,,
794,474,12509,Honda,VTX1800N2/VTX,,,,,,,,,
795,474,12510,Honda,VTX1800N1/VTX,,XL,,,,,,,
796,474,12511,Honda,VTX1800R3/VTX,,Size,Truck,,,,,,
797,474,12512,Honda,VTX1800R2/VTX,,,,,,,,,
798,474,12513,Honda,VTX1800R1/VTX,,,,,,,,,
799,474,12514,Honda,VTX1800S3/VTX,,,,,,,,,
800,474,12515,Honda,VTX1800S2/VTX,,,,,,,,,
801,474,12516,Honda,VTX1800S1/VTX,,,,,,,,,
802,474,12520,Honda,VTX1800F3/VTX,,Vehicle,,,,,,,
803,474,12522,Honda,NCW50/METROPOLITAN,,,,,,,,,
804,474,12523,Honda,RC1000VS/RC213V-S,,ton,,,,,,,
805,474,12527,Honda,TRX90/SPORTRAX90,,,,,,,,,
806,474,12528,Honda,TRX250TE/RECON,,,,,,,,,
807,474,12529,Honda,RX250TM/,,,,,,,,,
808,474,12530,Honda,TRX400FW/FOURTRAX,,Pickup,,,,,,,
809,475,1867,Acura,ZDX,,Utility,,,,,,,
810,475,1871,Acura,RDX,,,,,,,,,
811,475,1872,Acura,RL,,,,,,,,,
812,475,1873,Acura,TL,,,,,,,,,
813,475,1874,Acura,TSX,,,,,,,,,
814,475,2147,Acura,MDX,,,,,,,,,
815,475,2149,Acura,RLX,,,,,,,,,
816,475,2150,Acura,ILX,,,,,,,,,
817,475,3183,Acura,RSX,,,,,,,,,
818,475,5063,Acura,Integra,,,,,,,,,
819,475,5145,Acura,CL,,,,,,,,,
820,475,5168,Acura,NSX,,,,,,,,,
821,475,5339,Acura,Legend,,,,,,,,,
822,475,5354,Acura,TLX,,,,,,,,,
823,475,6004,Acura,SLX,,,,,,,,,
824,475,11495,Acura,Vigor,,,,,,,,,
825,476,1892,Dodge,Avenger,,,,,,,,,
826,476,1893,Dodge,Challenger,,,,,,,,,
827,476,1895,Dodge,Charger,,,,,,,,,
828,476,1896,Dodge,Caliber,,,,,,,,,
829,476,1897,Dodge,Viper,,,,,,,,,
830,476,1938,Dodge,Ram,,,,,,,,,
831,476,1939,Dodge,Journey,,,,,,,,,
832,476,1940,Dodge,Nitro,,,,,,,,,
833,476,1941,Dodge,Dakota,,,,,,,,,
834,476,1942,Dodge,Caravan/Grand,,,,,,,,,
835,476,1958,Dodge,Ram,,,,,,,,,
836,476,2054,Dodge,Dart,,,,,,,,,
837,476,3121,Dodge,Sprinter,,,,,,,,,
838,476,3508,Dodge,Durango,,,,,,,,,
839,476,3510,Dodge,Chassis,,,,,,,,,
840,476,3680,Dodge,Magnum,,,,,,,,,
841,476,5878,Dodge,Intrepid,,,,,,,,,
842,476,5879,Dodge,Stratus,,,,,,,,,
843,476,5880,Dodge,Neon,,,,,,,,,
844,476,6250,Dodge,Colt,,,,,,,,,
845,476,6254,Dodge,Stealth,,,,,,,,,
846,476,6356,Dodge,Ramcharger,,,,,,,,,
847,476,10962,Dodge,Ram,,,,,,,,,
848,476,10963,Dodge,Ram,,,,,,,,,
849,476,14351,Dodge,Spirit,,,,,,,,,
850,476,14363,Dodge,SHADOW,,,,,,,,,
851,476,14375,Dodge,Dynasty,,,,,,,,,
852,476,14376,Dodge,Daytona,,Truck,Forward,,,,,,
853,476,14389,Dodge,Monaco,,Chassis,,,,,,,
854,476,14402,Dodge,OMNI,,Chassis,,,,,,,
855,476,14414,Dodge,SHELBY,,Utility,,,,,,,
856,476,14415,Dodge,ARIES,,,,,,,,,
857,476,14416,Dodge,600,,Van,,,,,,,
858,476,14417,Dodge,DIPLOMAT,,,,,,,,,
859,476,14418,Dodge,LANCER,,Van,,,,,,,
860,476,14419,Dodge,Conquest,,,,,,,,,
861,476,14766,Dodge,400,,Van,,,,,,,
862,476,14767,Dodge,Mirada,,,,,,,,,
863,476,14772,Dodge,ST.REGIS,,,,,,,,,
864,476,14831,Dodge,Caravan,,Tracker,,,,,,,
865,476,14832,Dodge,Grand,,,,,,,,,
866,476,14864,Dodge,RAM,,,,,,,,,
867,476,14868,Dodge,D-Series,,,,,,,,,
868,476,14869,Dodge,W-Series,,Conventional,,,,,,,
869,476,14939,Dodge,Raider,,Conventional,,,,,,,
870,476,14969,Dodge,Mini,,Pickup,,,,,,,
871,476,15003,Dodge,Royal,,Control,,,,,,,
872,476,15056,Dodge,D50,,Tilt,,,,,,,
873,476,15083,Dodge,Rampage,,Conventional,,,,,,,
874,476,15124,Dodge,RD200,,Chassis,,,,,,,
875,478,1890,Nissan,GT-R,,,,,,,,,
876,478,1891,Nissan,VERSA,,Coach,,,,,,,
877,478,1894,Nissan,Versa,,Coach,,,,,,,
878,478,1898,Nissan,Versa,,,,,,,,,
879,478,1904,Nissan,Altima,,,,,,,,,
880,478,1905,Nissan,Leaf,,Fe,,,,,,,
881,478,1906,Nissan,370Z,,,,,,,,,
882,478,1907,Nissan,Sentra,,,,,,,,,
883,478,1911,Nissan,Pathfinder,,Coupe,,,,,,,
884,478,1912,Nissan,Juke,,,,,,,,,
885,478,1913,Nissan,Rogue,,,,,,,,,
886,478,1914,Nissan,Murano,,,,,,,,,
887,478,1915,Nissan,Armada,,,,,,,,,
888,478,1916,Nissan,Xterra,,,,,,,,,
889,478,1917,Nissan,Quest,,,,,,,,,
890,478,1918,Nissan,NV200,,,,,,,,,
891,478,1919,Nissan,Frontier,,,,,,,,,
892,478,1920,Nissan,Titan,,Touring,,,,,,,
893,478,1922,Nissan,NV,,350,,,,,,,
894,478,1923,Nissan,NV,,,,,,,,,
895,478,2302,Nissan,Maxima,,,,,,,,,
896,478,2303,Nissan,350Z,,"Tiburon""",,,,,,,
897,478,2323,Nissan,X-Trail,,,,,,,,,
898,478,2341,Nissan,Cube,,GT,,,,,,,
899,478,5565,Nissan,240SX,,"TRANSLEAD,11496,HYUNDAI",TRANSLEAD,,,,,,
900,478,5566,Nissan,300ZX,,Steel,"Industries,","Inc."",12435,""Hyundai",Steel,"Industries,","Inc.""",,
901,478,5748,Nissan,Pickup,,Electric,,,,,,,
902,478,5756,Nissan,Altra-EV,,Hybrid,,,,,,,
903,478,8459,Nissan,Sentra/200SX,,,,,,,,,
904,478,8461,Nissan,Stanza/Altima,,,,,,,,,
905,478,11506,Nissan,NX,,(ADa),,,,,,,
906,478,11507,Nissan,NX/Sentra,,Fe,Sport,,,,,,
907,478,11508,Nissan,Stanza,,,,,,,,,
908,478,11509,Nissan,Axxess,,,,,,,,,
909,478,13524,Nissan,PULSAR,,,,,,,,,
910,478,13821,Nissan,NV3500,,,,,,,,,
911,478,14272,Nissan,Van,,,,,,,,,
912,478,14329,Nissan,Stanza,,,,,,,,,
913,478,14385,Nissan,200SX,,,,,,,,,
914,478,17214,Nissan,Rogue,,,,,,,,,
915,478,17615,Nissan,Sentra,,,,,,,,,
916,478,17616,Nissan,Altra,,,,,,,,,
917,478,17817,Nissan,Micra,,,,,,,,,
918,478,18137,Nissan,Rogue,,,,,,,,,
919,480,1899,Infiniti,QX50,,,,,,,,,
920,480,1900,Infiniti,Q40,,,,,,,,,
921,480,1901,Infiniti,Q50,,,,,,,,,
922,480,1902,Infiniti,Q60,,,,,,,,,
923,480,1903,Infiniti,Q70,,,,,,,,,
924,480,1908,Infiniti,QX70,,,,,,,,,
925,480,1909,Infiniti,QX80,,,,,,,,,
926,480,1910,Infiniti,QX60,,,,,,,,,
927,480,2038,Infiniti,Q70L,,,,,,,,,
928,480,2304,Infiniti,Q45,,,,,,,,,
929,480,2305,Infiniti,G35,,,,,,,,,
930,480,2306,Infiniti,M35,,,,,,,,,
931,480,2307,Infiniti,M45,,,,,,,,,
932,480,2324,Infiniti,FX35,,,,,,,,,
933,480,2325,Infiniti,FX45,,,,,,,,,
934,480,2326,Infiniti,QX56,,,,,,,,,
935,480,2337,Infiniti,G37,,,,,,,,,
936,480,2338,Infiniti,EX35,,,,,,,,,
937,480,2343,Infiniti,FX50,,,,,,,,,
938,480,2356,Infiniti,M56,,,,,,,,,
939,480,2357,Infiniti,M37,,,,,,,,,
940,480,2358,Infiniti,G25,,,,,,,,,
941,480,2368,Infiniti,M35h,,,,,,,,,
942,480,2373,Infiniti,FX37,,,,,,,,,
943,480,2374,Infiniti,JX35,,,,,,,,,
944,480,5572,Infiniti,J30,,,,,,,,,
945,480,5573,Infiniti,G20,,,,,,,,,
946,480,5813,Infiniti,I35,,,,,,,,,
947,480,8702,Infiniti,I30,,,,,,,,,
948,480,8717,Infiniti,QX4,,,,,,,,,
949,480,11510,Infiniti,M30,,,,,,,,,
950,480,13514,Infiniti,FX35/FX45,,,,,,,,,
951,480,13820,Infiniti,QX30,,,,,,,,,
952,481,1950,Mitsubishi,Raider,,,,,,,,,
953,481,2163,Mitsubishi,Outlander,,SEDAN/SUPER,8,,,,,,
954,481,2164,Mitsubishi,Lancer,,,,,,,,,
955,481,2165,Mitsubishi,Galant,,,,,,,,,
956,481,2166,Mitsubishi,Eclipse,,,,,,,,,
957,481,2167,Mitsubishi,Endeavor,,,,,,,,,
958,481,2318,Mitsubishi,Montero,,,,,,,,,
959,481,2321,Mitsubishi,Eclipse,,,,,,,,,
960,481,2336,Mitsubishi,RVR,,,,,,,,,
961,481,2339,Mitsubishi,i-MiEV,,,,,,,,,
962,481,2340,Mitsubishi,Outlander,,,,,,,,,
963,481,2342,Mitsubishi,Mirage,,,,,,,,,
964,481,5422,Mitsubishi,Expo,,,,,,,,,
965,481,5423,Mitsubishi,3000,,,,,,,,,
966,481,5424,Mitsubishi,3000,,,,,,,,,
967,481,5425,Mitsubishi,Diamante,,,,,,,,,
968,481,5426,Mitsubishi,Truck,,,,,,,,,
969,481,5755,Mitsubishi,Montero,,,,,,,,,
970,481,5808,Mitsubishi,Lancer,,,,,,,,,
971,481,5809,Mitsubishi,Lancer,,LD,,,,,,,
972,481,13842,Mitsubishi,Mirage,,II/Spectra,,,,,,,
973,481,13867,Mitsubishi,Outlander,,Koup,,,,,,,
974,481,14367,Mitsubishi,Expo,,EV,,,,,,,
975,481,14395,Mitsubishi,Mitsubishi,,,,,,,,,
976,482,1951,Volkswagen,Routan,,Hybrid,,,,,,,
977,482,3133,Volkswagen,Golf,,,,,,,,,
978,482,3134,Volkswagen,Passat,,,,,,,,,
979,482,3135,Volkswagen,Phaeton,,,,,,,,,
980,482,3136,Volkswagen,Touareg,,,,,,,,,
981,482,3137,Volkswagen,Jetta,,,,,,,,,
982,482,3140,Volkswagen,GTI,,,,,,,,,
983,482,3141,Volkswagen,R32,,,,,,,,,
984,482,3142,Volkswagen,Jetta,,,,,,,,,
985,482,4084,Volkswagen,Rabbit,,,,,,,,,
986,482,4085,Volkswagen,New,,,,,,,,,
987,482,4167,Volkswagen,Eos,,,,,,,,,
988,482,5059,Volkswagen,Golf,,,,,,,,,
989,482,8051,Volkswagen,Golf,,,,,,,,,
990,482,8052,Volkswagen,Jetta,,/,LC,500h,,,,,
991,482,8053,Volkswagen,Corrado,,570,,,,,,,
992,482,8055,Volkswagen,Euro,,,,,,,,,
993,482,8118,Volkswagen,e-Golf,,,,,,,,,
994,482,8119,Volkswagen,Beetle,,,,,,,,,
995,482,8121,Volkswagen,CC,,,,,,,,,
996,482,8151,Volkswagen,Tiguan,,,,,,,,,
997,482,8364,Volkswagen,Jetta,,,,,,,,,
998,482,8460,Volkswagen,Cabrio,,,,,,,,,
999,482,8475,Volkswagen,new,,,,,,,,,
1000,482,8486,Volkswagen,New,,,,,,,,,
1001,482,8487,Volkswagen,New,,,,,,,,,
1002,482,8488,Volkswagen,New,,,,,,,,,
1003,482,13668,Volkswagen,Golf/Golf,,,,,,,,,
1004,482,13670,Volkswagen,Golf,,,,,,,,,
1005,482,13844,Volkswagen,Golf,,,,,,,,,
1006,482,13845,Volkswagen,Golf,,,,,,,,,
1007,482,14216,Volkswagen,CABRIOLET,,,,,,,,,
1008,482,14217,Volkswagen,FOX,,,,,,,,,
1009,482,14261,Volkswagen,Quantum,,,,,,,,,
1010,482,14262,Volkswagen,scirocco,,,,,,,,,
1011,482,14266,Volkswagen,Vanagon,,,,,,,,,
1012,482,14270,Volkswagen,MULTI-VAN,,,,,,,,,
1013,482,14271,Volkswagen,Camper,,,,,,,,,
1014,482,14568,Volkswagen,Dasher,,,,,,,,,
1015,482,14569,Volkswagen,KOMBI,,,,,,,,,
1016,482,17618,Volkswagen,Atlas,,S,,,,,,,
1017,485,1959,Volvo,S60,,Hardtop,,,,,,,
1018,485,1960,Volvo,S80,,Clubman,,,,,,,
1019,485,1961,Volvo,V60,,S,Clubman,,,,,,
1020,485,1962,Volvo,XC60,,Clubman,,,,,,,
1021,485,1963,Volvo,XC70,,Convertible,,,,,,,
1022,485,3127,Volvo,S40,,S,Convertible,,,,,,
1023,485,3128,Volvo,V50,,Convertible,,,,,,,
1024,485,3129,Volvo,C70,,Hardtop,,,,,,,
1025,485,3130,Volvo,V70,,Countryman,,,,,,,
1026,485,3132,Volvo,XC90,,S,Countryman,,,,,,
1027,485,3144,Volvo,C30,,S,Countryman,All4,,,,,
1028,485,3511,Volvo,9700,,S,Hardtop,,,,,,
1029,485,9341,Volvo,940,,Coupe,,,,,,,
1030,485,9342,Volvo,960,,Coupe,,,,,,,
1031,485,9343,Volvo,850,,S,Coupe,,,,,,
1032,485,9347,Volvo,874/875,,Coupe,,,,,,,
1033,485,9348,Volvo,S/V,,Roadster,,,,,,,
1034,485,9349,Volvo,S/V,,S,Roadster,,,,,,
1035,485,9351,Volvo,V70/XC70,,S,Roadster,,,,,,
1036,485,9352,Volvo,S40/V50,,S,Paceman,,,,,,
1037,485,10206,Volvo,V60CC,,Paceman,,,,,,,
1038,485,10207,Volvo,S60/S60I,,Paceman,,,,,,,
1039,485,10208,Volvo,S60CC,,S,Paceman,ALL4,,,,,
1040,485,13798,Volvo,S90,,Roadster,,,,,,,
1041,485,13799,Volvo,V90,,Countryman,,,,,,,
1042,485,13800,Volvo,V90CC,,Paceman,,,,,,,
1043,485,14118,Volvo,240,,S,JCW,GP,,,,,
1044,485,14119,Volvo,740,,,,,,,,,
1045,485,14120,Volvo,780,,,,,,,,,
1046,485,14121,Volvo,760,,,,,,,,,
1047,485,14122,Volvo,B10M,,,,,,,,,
1048,485,14124,Volvo,V40,,,,,,,,,
1049,485,14125,Volvo,S70,,,,,,,,,
1050,485,14126,Volvo,Cab,,"Fuso,2287,FE83D",,,,,,,
1051,485,14127,Volvo,Cab,,"Fuso,2288,FE84D",,,,,,,
1052,485,14128,Volvo,Cab,,"Fuso,2289,FE85D",,,,,,,
1053,485,14129,Volvo,Cab,,"Fuso,2290,FE84DW",,,,,,,
1054,485,14130,Volvo,F12,,"Fuso,2291,FG84D",,,,,,,
1055,485,14131,Volvo,F6,,"Fuso,2292,FK61F",,,,,,,
1056,498,2056,Hyundai,Equus,,"Fuso,2293,FM61F",,,,,,,
1057,498,2057,Hyundai,Santa,,"Fuso,2294,FM64F",,,,,,,
1058,498,2058,Hyundai,Tucson,,"Fuso,2295,FM65F",,,,,,,
1059,498,2298,Hyundai,Veloster,,"Fuso,2296,FK62F",,,,,,,
1060,498,2458,Hyundai,Genesis,,"Fuso,2297,FK65F",,,,,,,
1061,498,2459,Hyundai,Sonata,,"Fuso,2308,FEC52S",,,,,,,
1062,498,2735,Hyundai,Elantra,,"Fuso,2309,FEC72S",,,,,,,
1063,498,2736,Hyundai,Entourage,,"Fuso,2310,FEC72W",,,,,,,
1064,498,2771,Hyundai,Azera,,"Fuso,2311,FEC92S",,,,,,,
1065,498,2772,Hyundai,Veracruz,,"Fuso,2312,FGB72S",,,,,,,
1066,498,2773,Hyundai,Accent,,"Fuso,2317,FECX2S",,,,,,,
1067,498,2774,Hyundai,Genesis,,,,,,,,,
1068,498,5847,Hyundai,Tiburon,,Spyder,,,,,,,
1069,498,5871,Hyundai,Elantra,,,,,,,,,
1070,498,5872,Hyundai,XG,,,,,,,,,
1071,498,9242,Hyundai,Excel,,-,PHEV,,,,,,
1072,498,9252,Hyundai,Scoupe,,,,,,,,,
1073,498,9271,Hyundai,"Elantra,",,,,,,,,,
1074,498,9319,Hyundai,XG300,,,,,,,,,
1075,498,11447,Hyundai,Elantra,,,,,,,,,
1076,498,13617,Hyundai,Ioniq,,,,,,,,,
1077,498,13869,Hyundai,Ioniq,,,,,,,,,
1078,498,14192,Hyundai,Pony,,,,,,,,,
1079,498,14193,Hyundai,Stellar,,,,,,,,,
1080,498,16649,Hyundai,Elantra,,,,,,,,,
1081,498,16694,Hyundai,Santa,,,,,,,,,
1082,499,2299,Kia,Rio,,,,,,,,,
1083,499,2460,Kia,Soul,,,,,,,,,
1084,499,2461,Kia,Borrego,,,,,,,,,
1085,499,2462,Kia,Forte,,,,,,,,,
1086,499,2738,Kia,Rondo,,GT,,,,,,,
1087,499,2739,Kia,Optima,,GT,Spyder,,,,,,
1088,499,2740,Kia,Sedona,,,,,,,,,
1089,499,2769,Kia,Sorento,,,,,,,,,
1090,499,2770,Kia,Sportage,,,,,,,,,
1091,499,3071,Kia,Cadenza,,,,,,,,,
1092,499,3184,Kia,K900,,Sport,,,,,,,
1093,499,5498,Kia,Sephia,,,,,,,,,
1094,499,5499,Kia,Spectra,,,,,,,,,
1095,499,5500,Kia,Amanti,,SportBack,,,,,,,
1096,499,5759,Kia,Spectra,,Evolution,,,,,,,
1097,499,9243,Kia,Sephia,,,,,,,,,
1098,499,12815,Kia,Forte,,,,,,,,,
1099,499,13630,Kia,Soul,,,,,,,,,
1100,499,15705,Kia,Niro,,G4,,,,,,,
1101,499,16648,Kia,Optima,,Sport,,,,,,,
1102,515,2180,Lexus,GS,,LRV,,,,,,,
1103,515,2182,Lexus,LS,,,,,,,,,
1104,515,2183,Lexus,SC,,,,,,,,,
1105,515,2184,Lexus,IS,,,,,,,,,
1106,515,2212,Lexus,LX,,,,,,,,,
1107,515,2214,Lexus,RX,,,,,,,,,
1108,515,2215,Lexus,GX,,Note,,,,,,,
1109,515,2475,Lexus,ES,,,,,,,,,
1110,515,3154,Lexus,CT,,,,,,,,,
1111,515,3185,Lexus,HS,,,,,,,,,
1112,515,3406,Lexus,RC,,,,,,,,,
1113,515,3652,Lexus,LFA,,,,,,,,,
1114,515,3653,Lexus,NX,,,,,,,,,
1115,515,14273,Lexus,LC500,,,,,,,,,
1116,515,19306,Lexus,LX,,,,,,,,,
1117,523,2232,Subaru,Legacy,,,,,,,,,
1118,523,2233,Subaru,Outback,,,,,,,,,
1119,523,2234,Subaru,Forester,,,,,,,,,
1120,523,2235,Subaru,Impreza,,,,,,,,,
1121,523,2236,Subaru,XV,,,,,,,,,
1122,523,2237,Subaru,WRX,,,,,,,,,
1123,523,2238,Subaru,BRZ,,,,,,,,,
1124,523,2319,Subaru,Baja,,,,,,,,,
1125,523,2320,Subaru,B9,,,,,,,,,
1126,523,6093,Subaru,SVX,,,,,,,,,
1127,523,13580,Subaru,Crosstrek,,,,,,,,,
1128,523,14213,Subaru,Justy,,,,,,,,,
1129,523,14224,Subaru,XT/XT6,,,,,,,,,
1130,523,14226,Subaru,Loyale,,,,,,,,,
1131,523,14245,Subaru,Brat,,,,,,,,,
1132,523,17873,Subaru,XT,,,,,,,,,
1133,523,17874,Subaru,XT6,,,,,,,,,
1134,523,18054,Subaru,DL,,,,,,,,,
1135,523,18055,Subaru,GL,,,,,,,,,
1136,523,18056,Subaru,GL-10,,,,,,,,,
1137,523,18059,Subaru,RX,,,,,,,,,
1138,523,18081,Subaru,Standard,,,,,,,,,
1139,523,18099,Subaru,GLF,,,,,,,,,
1140,528,,Mitsubishi,,,,,,,,,,
1141,528,,Mitsubishi,,,,,,,,,,
1142,528,,Mitsubishi,,,Wagon,,,,,,,
1143,528,,Mitsubishi,,,,,,,,,,
1144,528,,Mitsubishi,,,Sports,,,,,,,
1145,528,,Mitsubishi,,,Classic,,,,,,,
1146,528,,Mitsubishi,,,,,,,,,,
1147,528,,Mitsubishi,,,,,,,,,,
1148,528,,Mitsubishi,,,Select,,,,,,,
1149,528,,Mitsubishi,,,,,,,,,,
1150,528,,Mitsubishi,,,,,,,,,,
1151,528,,Mitsubishi,,,,,,,,,,
1152,528,,Mitsubishi,,,,,,,,,,
1153,528,,Mitsubishi,,,,,,,,,,
1154,528,,Mitsubishi,,,,,,,,,,
1155,528,,Mitsubishi,,,II,,,,,,,
1156,528,,Mitsubishi,,,III,,,,,,,
1157,582,3145,Audi,TT,,Ext.,,,,,,,
1158,582,3146,Audi,A4,,,,,,,,,
1159,582,3147,Audi,S4,,I,,,,,,,
1160,582,3148,Audi,A6,,,,,,,,,
1161,582,3149,Audi,RS6,,,,,,,,,
1162,582,3150,Audi,allroad,,,,,,,,,
1163,582,3151,Audi,A8,,,,,,,,,
1164,582,3675,Audi,RS4,,,,,,,,,
1165,582,3676,Audi,A3,,,,,,,,,
1166,582,3677,Audi,S6,,,,,,,,,
1167,582,3678,Audi,S8,,,,,,,,,
1168,582,3679,Audi,Q7,,,,,,,,,
1169,582,3787,Audi,A5,,,,,,,,,
1170,582,3788,Audi,S5,,,,,,,,,
1171,582,3789,Audi,R8,,,,,,,,,
1172,582,3861,Audi,TTS,,,,,,,,,
1173,582,3862,Audi,Q5,,,,,,,,,
1174,582,4014,Audi,RS5,,,,,,,,,
1175,582,4015,Audi,A7,,,,,,,,,
1176,582,4016,Audi,TTRS,,,,,,,,,
1177,582,4051,Audi,Q3,,,,,,,,,
1178,582,4052,Audi,SQ5,,,,,,,,,
1179,582,8056,Audi,90,,,,,,,,,
1180,582,8057,Audi,100,,,,,,,,,
1181,582,8058,Audi,V8,,,,,,,,,
1182,582,8059,Audi,Cabriolet,,,,,,,,,
1183,582,8173,Audi,S3,,,,,,,,,
1184,582,8258,Audi,S7,,,,,,,,,
1185,582,8259,Audi,TT/TTS/TTRS,,CrossTrek,,,,,,,
1186,582,8685,Audi,RS7,,,,,,,,,
1187,582,13642,Audi,A6/S6/A7/S7/RS7,,,,,,,,,
1188,582,13759,Audi,A4,,,,,,,,,
1189,582,13785,Audi,A3,,Tribeca,,,,,,,
1190,582,13837,Audi,S7/RS7,,,,,,,,,
1191,582,14336,Audi,5000,,,,,,,,,
1192,582,14337,Audi,4000,,,,,,,,,
1193,582,14342,Audi,80,,,,,,,,,
1194,582,14343,Audi,200,,,,,,,,,
1195,582,14348,Audi,Coupe,,,,,,,,,
1196,582,16783,Audi,RS,,,,,,,,,
1197,582,18874,Audi,TT/TTS,,,,,,,,,
1198,1056,4323,Saturn,Astra,,,,,,,,,
1199,1056,4335,Saturn,Sky,,,,,,,,,
1200,1056,4336,Saturn,Aura,,,,,,,,,
1201,1056,4595,Saturn,Vue,,,,,,,,,
1202,1056,4596,Saturn,Outlook,,,,,,,,,
1203,1056,4781,Saturn,Ion,,,,,,,,,
1204,1056,4782,Saturn,Level,,,,,,,,,
1205,1056,4783,Saturn,Level,,,,,,,,,
1206,1056,4961,Saturn,Relay,,,,,,,,,
1207,1056,4964,Saturn,Relay,,,,,,,,,
1208,1056,8845,Saturn,Level,,,,,,,,,
1209,1056,8852,Saturn,L300,,,,,,,,,
1210,1056,8958,Saturn,L200,,,,,,,,,
1211,1056,8990,Saturn,SL,,,,,,,,,
1212,1056,8991,Saturn,SL1,,Wagon,,,,,,,
1213,1056,8992,Saturn,SL2,,,,,,,,,
1214,1056,8993,Saturn,SC1,,GTI,,,,,,,
1215,1056,8994,Saturn,SC2,,,,,,,,,
1216,1056,8995,Saturn,LS,,SportWagen,,,,,,,
1217,1056,8996,Saturn,LS1/LW1,,III,,,,,,,
1218,1056,8997,Saturn,LS2/LW2,,III,,,,,,,
1219,1056,9024,Saturn,SW1,,,,,,,,,
1220,1056,9070,Saturn,SW2,,Van,,,,,,,
1221,1056,9071,Saturn,TBD,,,,,,,,,
1222,1056,9163,Saturn,SC/SL/SW,,,,,,,,,
1223,1056,10997,Saturn,LS1,,,,,,,,,
1224,1056,10998,Saturn,LS2,,,,,,,,,
1225,1056,10999,Saturn,LW2,,SportWagen,,,,,,,
1226,1056,11000,Saturn,LW1,,,,,,,,,
1227,1056,13757,Saturn,LW200,,Passat,,,,,,,
1228,1056,13758,Saturn,LW300,,Cabrio,,,,,,,
1229,1056,14186,Saturn,SL3,,Golf,,,,,,,
